label,title,content
3,Ernie Cox, Ernest Ernie Cox (February 17 1894 – February 26 1962) was a star football player in the Canadian Football League.Cox was born in Hamilton Ontario. He played for eleven seasons for the Hamilton Tigers. He died in his home town of Hamilton and was inducted into the Canadian Football Hall of Fame in 1963 and into the Canada's Sports Hall of Fame in 1975.
10,Holosteum, Holosteum is a genus of plants in the Pink family (Caryophyllaceae) with 3 or 4 species native from southern Europe through central and south western Asia and in Africa. They are herbs with an annual life span some growing as winter annuals. They have slender roots and thin stems that are upright or ascending.
9,Pestarella tyrrhena, Pestarella tyrrhena (formerly Callianassa tyrrhena) is a species of thalassinidean crustacean (ghost shrimp or mud shrimp) which grows to a length of 70 mm (2.8 in). It lives in burrows in shallow sandy parts of the sea-bed in the Mediterranean Sea and northern Atlantic Ocean. It is the most common thalassinidean in the Mediterranean and has been used as bait by fishermen for at least 200 years.
1,MidSun Junior High School, MidSun Junior High School is a Canadian middle school teaching grades seven through nine for the communities of Midnapore Chaparral and Sundance in Calgary Alberta. It is part of the public Calgary Board of Education. When opened in 1998 it was designed with a capacity of 750 students and quickly gained enrollment of slightly less or slightly more than that figure.The need for a new junior high school (middle school) to alleviate busing concerns arose in 1996.
6,St James' Church Wrightington Bar, St James' Church Wrightington Bar is in Church Lane to the west of the village of Wrightington Bar Lancashire England. It is an active Anglican parish church in the deanery of Chorley the archdeaconry of Blackburn and the diocese of Blackburn.
11,The Thirteenth Dream, The Thirteenth Dream was the second (and final) reunion album from Spirit. It features re-recordings of several of their best-loved tracks along with three new songs.
11,Atmosphere (Atmosphere album), Atmosphere is the first album by Polish rock band Atmosphere. It was released in 1997.
12,Three Comrades (film), Three Comrades 1938 is a drama film directed by Frank Borzage and produced by Joseph L. Mankiewicz for MGM. The screenplay is by F. Scott Fitzgerald and Edward E. Paramore Jr. and was adapted from the novel Three Comrades by Erich Maria Remarque. It tells the story of the friendship of three young German soldiers following World War I and the beginning rise of Nazism.The film stars Robert Taylor Margaret Sullavan Franchot Tone and Robert Young.
10,Gastrolobium bilobum, Gastrolobium bilobum commonly known as Heart-leaved Poison is a bushy shrub which is endemic to south west Western Australia. The species is a member of the family Fabaceae and is probably the most toxic species in the genus Gastrolobium containing high levels of monofluroacetic acid.The species grows to a height of up to 4 metres.
2,Carl Weathersby, Carl Weathersby (born Carlton Weathersby 24 February 1953 Jackson Mississippi) is an American electric blues vocalist guitarist and songwriter. Weathersby has worked most notably with Albert King and Billy Branch and is now a solo artist.Weathersby was also nominated in 1997 for a W.C. Handy Award for 'Best New Blues Artist'.
8,Bahçekonak Vezirköprü, Bahçekonak is a village in the District of Vezirköprü Samsun Province Turkey.
10,Capparis sandwichiana, Capparis sandwichiana is a species of flowering plant in the Capparaceae family endemic to the Hawaiian Islands. Common names include maiapilo pua pilo and Hawaiian caper. C. sandwichiana can be found on the main islands Midway Atoll the Pearl and Hermes Atoll and Laysan. It inhabits coastal low shrublands and rocky shores at elevations from sea level to 325 feet (99 m).
10,Cycas calcicola, Cycas calcicola is a species of cycad in the genus Cycas native to northern Australia in the northwest of Northern Territory.The stems are erect 2-5 m tall and 16-22 cm diameter. The leaves are variably deep green and glabrous to white tomentose above and persistently white tomentose below 60-130 cm long pinnate with 210-410 leaflets. The leaflets are 5-12 cm long and 2-4 mm wide and lie flat either side of the leaf stem (not in a 'v'-shape like most other Cycas species).
4,Wang Yeping, Wang Yeping (Chinese: 王冶坪; pinyin: Wáng Yěpíng born 1928) a native of Yangzhou China. She is the wife of Jiang Zemin former General Secretary of the Communist Party of China and President of the People's Republic of China.
10,Clivia (apple), Clivia is a German apple cultivar. It was created at the Institut für Acker- und Pflanzenbau of Müncheberg in Märkisch-Oderland in eastern Germany which at that time was in the German Democratic Republic. It is a hybrid of Geheimrat Dr. Oldenburg and Cox's Orange Pippin. It was reported as a new variety in 1964 and 1965; it was parent of a new cultivar Pinova in 1965.
5,Fairchild Dornier 428JET, The Fairchild Dornier 428JET was a program undertaken by Fairchild Dornier to develop a 44 seat regional jet aircraft. The program was part of a broader attempt by the company to develop a family of regional jets comprising the 328JET 428JET and the 728 series. This family of aircraft was designed to compete with the Bombardier CRJ and Embraer ERJ/Embraer E-Jets families. The aircraft was announced on May 19 1998. It was cancelled in 2000.
5,SS Tjisalak, SS Tjisalak was a 5787-ton Dutch freighter with passenger accommodation built in 1917 for the Java-China-Japan Lijn and used by the Allies during World War II to transport supplies across the Indian Ocean between Australia and Ceylon. On 26 March 1944 she was torpedoed and sunk by the Japanese submarine I-8 while traveling unescorted. The freighter's crew were subsequently massacred in an infamous naval war crime.
2,Sandhya Sanjana, Sandhya Sanjana (Hindi: संध्या) is a singer born in Mumbai India. She is one of the first Indian singers to have experimented with fusing Indian classical vocals with various other western contemporary styles. Her career began at a young age and she has appeared on over 30 albums covering various genres. She is a performing artist who combines her experience as a jazz/funk/rock vocalist with an understanding of Indian music – classical and contemporary – to bridge cultures.
5,HMS Scythian (P237), HMS Scythian was an S class submarine of the Royal Navy and part of the Third Group built of that class. She was built by Scotts of Greenock and launched on April 14 1944. So far she has been the only ship of the Royal Navy to bear the name Scythian.Built as the Second World War was drawing to a close she did not see much action spending the period between March and May 1945 on the eastern station.
0,Iran Aviation Industries Organization, The Iran Aviation Industries Organization (IAIO) (Persian: سازمان صنایع هوایی ایران‎) was established in 1966 for the purpose of planning controlling and managing the military aviation industry of Iran.Currently the IAIO is responsible for directing five aviation organizations: SAHA HESA PANHA GHODS Shahid Basir Industry.
10,Bulbophyllum heliophilum, Bulbophyllum heliophilum is a species of orchid in the genus Bulbophyllum.
5,Bell V-280 Valor, The Bell V-280 Valor is a third-generation tilt-rotor concept being developed by Bell Helicopter and Lockheed Martin for the United States Army's Future Vertical Lift (FVL) program. The aircraft was officially unveiled at the 2013 Army Aviation Association of America's (AAAA) Annual Professional Forum and Exposition in Fort Worth Texas with a projected first flight in 2017.
5,Liverpool Packet, Liverpool Packet was a privateer schooner from Liverpool Nova Scotia which captured 50 American vessels in the War of 1812. During the war the privateer schooner was briefly captured by American privateers but was soon recaptured by the British and returned to raiding American commerce. The Liverpool Packet was the most successful privateer vessel ever to sail out of a Canadian port.
1,Theme Music Institute, Theme Music Institute is a chain of music schools in India established in 1997. It provides courses in western classical and contemporary western music in Piano Guitar Violin Woodwind instruments and Vocals. The institute also provides introductory music courses for children aged three to five years.
0,Airside (company), Airside was founded in 1998 by Alex Maclean Nat Hunter and Fred Deakin. The company has won many awards including recognition from D&AD BAFTA and Design Week.Co-founder Deakin is one half of ambient/electronica music duo Lemon Jelly. All promotional material for Lemon Jelly to date including posters album covers and videos has been produced by Airside.
12,The Zombie Farm, The Zombie Farm is a 2011 American zombie film written and directed by Ricardo Islas. It stars Adriana Cataño Nadia Rowinsky Khotan Monika Munoz and Monika Munoz. It is about a battered wife con man and documentary filmmaker who team up against a voodoo priestess.
13,Shadow of the Giant, Shadow of the Giant (2005) is the fourth novel in Orson Scott Card's Ender's Shadow series.
5,Sukhoi T-3, The Sukhoi T-3 was a prototype Soviet fighter aircraft.
10,Eugenia gatopensis, Eugenia gatopensis is a species of plant in the Myrtaceae family. It is endemic to New Caledonia.
9,Dectes, Dectes is a genus of longhorn beetles of the subfamily Lamiinae. It was described by LeConte in 1852.
12,Sex: The Annabel Chong Story, Sex: The Annabel Chong Story is a 1999 documentary film directed filmed and produced by Vancouver B.C. Canada based producer's Gough LewisKelly Morris and Peter Carr and edited by co-creator Kelly Morris. The film profiles porn star Annabel Chong (born Grace Quek) a gender studies student at the University of Southern California who was also an adult actress famous for setting a world record by having sex 251 times with 69 men in ten hours in January 1995.
8,Delta Ontario, Delta Ontario is a community in the Township of Rideau Lakes Leeds and Grenville County in Eastern Ontario. The village is located between two lakes Upper Beverley and Lower Beverley along highway 42 approximately 15 kilometers west of Athens Ontario and 28 kilometers east of Westport Ontario.
8,Mokre Masovian Voivodeship, Mokre [ˈmɔkrɛ] is a village in the administrative district of Gmina Radzymin within Wołomin County Masovian Voivodeship in east-central Poland. It lies approximately 4 kilometres (2 mi) north of Radzymin 11 km (7 mi) north of Wołomin and 29 km (18 mi) north-east of Warsaw.The village has a population of 330.
0,British NorthWest Airlines, British NorthWest Airlines was an airline based at Blackpool International Airport.British North West Airlines Limited (traded as British NorthWest Airlines) was incorporated in October 2001 the airline had a Civil Aviation Authority Type B Operating licence (they were permitted to carry passengers cargo and mail on aircraft with fewer than 20 seats and/or weighing less than 10 tonnes). In December 2006 according to the airlines website the airline had ceased trading on scheduled services.
10,Corymbia ficifolia, Corymbia ficifolia or the red flowering gum also known as Albany red flowering gum (previously known as Eucalyptus ficifolia) is one of the most commonly planted ornamental trees in the broader eucalyptus family.In 2009 Parra-O and colleagues published a combined analysis of nuclear rDNA (ETS + ITS) and morphological characters published to clarify relationships within the genus Corymbia. C. ficifolia was shown to comprise a natural group with two other Western Australian species C.
3,Blisse Joyce, Blisse Joyce (born March 6 1983 in Lunenburg Nova Scotia as Blisse Comstock) is a Canadian curler from Halifax. She is a former Canadian Junior curling champion. She currently plays second for Heather Smith.In 2003Joyce played second for Robyn Mattie's Boylston Nova Scotia junior rink. They won their provincial junior championship giving them the right to represent Nova Scotia at the 2003 Canadian Junior Curling Championships in Ottawa (where Mattie now lives).
5,DeKi 600, The DeKi 600 (デキ600形 deki 600 gata) is an electric locomotive type operated by Nagoya Railroad (Meitetsu) in Japan. The four locomotives were built by Toshiba in 1943.
10,Holochlamys, Holochlamys is a monotypic genus of flowering plants in the Araceae family. Holochlamys beccarii is the only species in the genus Holochlamys. It is endemic to New Guinea and is found growing in mud near lowland streams or rocky streambeds at high elevations. The species is primarily rheophytic and closely related to the genus Spathiphyllum. Holochlamys closely resemble Spathiphyllum except that in Holochamys the spathe clasps the spadix.
7,Motschenbach, Motschenbach is a river in Bavaria Germany.
13,Iranshenasi, Iran Shenasi also spelled as Iranshinasi (Persian: ایران شناسی‎) is an academic journal of Iranian studies. The founding editor-in-chief is Jalal Matini. The journal is published in Persian (with English abstracts) and covers Iranian history Persian culture and Persian literature.
4,S. P. Adithanar, Si. Balasubramania Adithan (also known as Si. Ba. Adithan) (27 September 1905 – 24 May 1981) popularly called as Adithanar was a Tamil lawyer politician minister and founder of the Tamil daily newspaper Dina Thanthi. He was the founder of the We Tamils (Tamil: நாம் தமிழர்) party and served as the member of the Madras Legislative Council for two terms and as the member of the Tamil Nadu Legislative Assembly for four terms.
0,Wilmar International, Wilmar International Limited founded in 1991 is Asia’s leading agribusiness group. It ranks amongst the largest listed companies by market capitalisation on the Singapore Exchange being the second largest as of the September of 2010. It is a Singaporean investment holding company that provides management services to its 400+ subsidiary companies.
2,Uli Waas, Uli Waas (born 1949 Donauwörth) is a German writer and illustrator. She has illustrated several school and children's books.
3,Femke Boelen, Femke Boelen (born 5 May 1968) is a retired Dutch rower. In 1994 she won a world title in the coxless fours and finished in fourth place in the coxed eights. Next year she won a bronze medal in the coxed eights; she finished in sixth place in this event at the 1996 Summer Olympics.Boelen retired from competitions in 1997 and worked as a coach at her rowing club Willem III in Amsterdam. Her father Herman is also an Olympic rower and rowing coach.
11,Mechanics of Dysfunction, Mechanics of Dysfunction is the first full-length album by Canadian death metal band Beneath the Massacre. It was released on February 20 2007 through Prosthetic Records.
7,Șandru River (Olt), The Șandru River is a tributary of the Olt River in Romania.
6,Lorado Taft Midway Studios, The Lorado Taft Midway Studios consist of a converted and relocated barn that became the art studio of Lorado Taft one of the early 20th century's most important sculptors. It sits in the Woodlawn community area of Chicago Illinois and is owned by the University of Chicago.In 1906 Taft moved his main studio from the Chicago Loop to a brick barn near the Midway Plaisance. Later he connected a pair of frame barns to the main building to serve as male and female dormitories.
4,Joseph Obgeb Jimmy, Joseph Obgeb Jimmy (1951 – 2 February 2004) was a Namibian diplomat. Jimmy was born in Windhoek's Old Location in 1951 and witnessed the forced removal of residents in December 1959 to the new suburb of Katutura. Jimmy attended St. Peters Primary School in Lüderitz and completed his primary education at the Damara-Nama High School in Windhoek. He graduated from the Augustineum High School in Windhoek. He then went into exile to join the armed liberation struggle.
13,Journal of World-Systems Research, The Journal of World-Systems Research is a biannual open access peer-reviewed academic journal in the field of world-systems analysis that was established in 1995 by founding editor Christopher Chase-Dunn. It is published by the Political Economy of the World-System Section of the American Sociological Association and supported by the University of Pittsburgh.
10,Malus floribunda, Malus floribunda common name Japanese flowering crabapple purple chokeberry or showy crabapple originates from Japan and East Asia. It may be a wild species or a hybrid of M. sieboldii x M. baccata.[citation needed]It forms a round-headed small deciduous tree with narrow leaves on arching branches. The flowers are white or pale pink opening from crimson buds. The fruit is red and yellow of about 1cm in diameter.It has gained the Royal Horticultural Society's Award of Garden Merit.
8,Khanom Kan, Khanom Kan (Persian: خانم كن‎ also Romanized as Khānom Kon; also known as Khānam-i-Kūn Khanom Goon Khānom Gūn and Khānom Kohneh) is a village in Khav and Mirabad Rural District Khav and Mirabad District Marivan County Kurdistan Province Iran. At the 2006 census its population was 191 in 42 families.
7,Feniș River, The Feniș River is a tributary of the Crişul Alb River in Romania.
1,St Paul's Catholic College (Burgess Hill), St Paul's Catholic College is a comprehensive Catholic secondary school in the town of Burgess Hill in West Sussex England.
10,Callirhoe scabriuscula, Callirhoe scabriuscula is a rare species of flowering plant in the mallow family known by the common name Texas poppy mallow. It is endemic to Texas where it is known from about ten populations in the deep sands alongside the Colorado River. Much of its habitat has been lost which is the reason it was federally listed as an endangered species in 1981.This is a perennial herb with an erect stem that may exceed one meter in height.
12,This Angry Age, This Angry Age (also known as The Sea Wall Barrage contre le Pacifique and La diga sul Pacifico) is a 1958 drama film directed by René Clément and produced by Dino De Laurentiis. It is an adaptation of Marguerite Duras' 1950 novel The Sea Wall. The film stars Anthony Perkins and Silvana Mangano. The original novel was adapted again in 2008 by Rithy Panh as The Sea Wall starring Isabelle Huppert.
13,The Trail of Bohu, The Trail of Bohu also known as Imaro III: The Trail of Bohu is a sword and sorcery novel written by Charles R. Saunders and published by Daw Books in 1985. The Trail of Bohu was the third and final book in the original Imaro Trilogy.A revised version of the novel was published independently in 2009 through Sword & Soul Media and the online press Lulu.
8,Cham-e Shahran, Cham-e Shahran (Persian: چم شهران‎ also Romanized as Cham-e Shahrān; also known as Shahīd Chamrān) is a village in Mamulan Rural District Mamulan District Pol-e Dokhtar County Lorestan Province Iran. At the 2006 census its population was 154 in 34 families.
6,Dalton Park, Dalton Park is a shopping centre in Murton County Durham. It is built on the site of the former colliery's slag heaps. It is the largest factory outlet style shopping centre in the North East where branded goods are sold at discounted prices usually discontinued lines of stock previous seasons ranges or items specifically made for the outlet market place. The prices are typically up to 50% off high street prices or RRP.
12,Hostel: Part III, Hostel: Part III is a 2011 American horror film directed by Scott Spiegel and the third installment of the Hostel film series. It was written by Michael D. Weiss. It was released direct-to-DVD on December 27 2011.
5,USS Bowditch (AG-30), USS Bowditch (AG 30) was first launched in 1929 by Burmeister and Wain in Copenhagen Denmark as the passenger ship Santa Inez. She was later purchased by the United States Navy on 4 March 1940 and temporarily commissioned on 12 March 1940. She was outfitted as a surveying vessel by the Norfolk Navy Yard and commissioned again on 1 July 1940 with Commander E. E.
6,Richmond County Courthouse (Staten Island), The Richmond County Courthouse is a 1919 municipal courthouse in the civic center of St. George in the borough of Staten Island in New York City (Richmond County is coextensive with Staten Island). The neoclassical style courthouse is on Richmond Terrace next to Staten Island's Borough Hall and across the street from the Staten Island Ferry terminal.
3,José Maria Cañizares, José Maria Cañizares (born 18 February 1947) is a Spanish golfer.Cañizares was born in Madrid. He turned professional in 1967 and made the top hundred on the European Tour Order of Merit every year from its first season in 1972 through to 1993. He placed in the top ten five times with a best ranking of fourth in 1983.
0,Jetstream Express, Jetstream Express is a former British airline based at Blackpool International Airport.Jetstream Express was operated by Jetstream Executive Travel Limited. The airline began flights in May 2007 with several flights per week from Blackpool International Airport to Belfast City airport Southampton Airport and Aberdeen Airport aimed at both business and leisure travellers.Flights to Belfast started on 8 May 2007 with ten flights each week.
2,Michael Wolff (journalist), Michael Wolff (born August 27 1953) is an American author essayist and journalist. He currently writes a regular column for Vanity Fair magazine. His most recent book The Man Who Owns the News (2008) is a biography of Rupert Murdoch based on more than 50 hours of interviews with the media mogul.
5,RFA Appleleaf (A83), RFA Appleleaf (A83) was a Leaf-class tanker tanker of the Royal Fleet Auxiliary in service between 1959 and 1970.
0,Maloof Productions, Maloof Productions is an American entertainment development and production company formed by the Maloof family (composed of brothers George J. Maloof Jr. Phil Maloof Gavin Maloof and Joe Maloof and sister Adrienne Maloof-Nassif) in 2004.
10,Neoregelia 'Work', 'Work' is a hybrid cultivar of the genus Neoregelia in the Bromeliad family.
3,Tommy McCarthy (ice hockey), Thomas Edward McCarthy (April 12 1893 – December 28 1959) was a professional ice hockey player who played two seasons in the National Hockey League for the Quebec Bulldogs and Hamilton Tigers.
4,Charles Gordon-Lennox 5th Duke of Richmond, Charles Gordon-Lennox 5th Duke of Richmond and 5th Duke of Lennox 5th Duke of Aubigny KG PC (3 August 1791 – 21 October 1860) styled Earl of March until in 1819 was a British soldier politician and a prominent Conservative.
12,The Thief of Venice, The Thief of Venice or Il Ladro di Venezia is a 1950 Italian film directed by John Brahm. The US title was The Thief of Venice.It was released in the US two years after being made.
4,Susan O'Keeffe, Susan O'Keeffe (born 18 September 1960) is an Irish Labour Party politician and journalist.
1,Avondale College, Avondale College of Higher Education is an Australian tertiary education provider affiliated with the Seventh-day Adventist Church. Avondale College has two campuses the Lake Macquarie campus being the primary campus situated in Cooranbong New South Wales.
12,Si Agimat at si Enteng Kabisote, Si Agimat at Si Enteng Kabisote is an action comedy fantasy crossover film directed by Tony Reyes which stars Vic Sotto and Sen. Bong Revilla Jr. This was the union of their famous characters (Agimat and Enteng Kabisote) in one blockbuster movie which grossed a P31M on its opening day. It is followed by the sequel Si Agimat si Enteng Kabisote at si Ako.
8,Razgeh West Azerbaijan, Razgeh (Persian: رزگه‎; also known as Razangeh) is a village in Margavar Rural District Silvaneh District Urmia County West Azerbaijan Province Iran. At the 2006 census its population was 512 in 92 families.
0,HopeLab, HopeLab is a 501(c)(3) private operating foundation based in Redwood City CA. HopeLab researches and develops technology-based products to improve human health and well-being. The foundation now focuses on resilience research as part of a strategy to design products that support the psychological and biological health of individuals and communities.
6,Vahramashen Church, The Vahramashen Church (Armenian:Վահրամաշէն եկեղեցի) also commonly referred to as Surb Astvatsatsin or the Church of Amberd) was built for Prince Vahram Pahlavuni of the Pahlavuni family. An inscription on the inside lintel of the north portal to the church dates its completion to the year 1026. It sits along the slopes of Mount Aragats in the Aragatsotn province of Armenia between the fortress of Amberd and near a wall along the promontory with the Arkashian River in the canyon below.
0,Fletcher Challenge, Fletcher Challenge is a now defunct multinational corporation from New Zealand formed in 1981 by the merger of Fletcher Holdings Challenge Corporation and Tasman Pulp and Paper. It was formerly the largest company in New Zealand with holdings in construction forestry building and energy initially within New Zealand and then internationally.
8,Tymieniec-Dwór, Tymieniec-Dwór [tɨˈmjɛɲɛt͡s ˈdvur] is a village in the administrative district of Gmina Szczytniki within Kalisz County Greater Poland Voivodeship in west-central Poland.
2,José Augusto, José Augusto (born José Augusto Cougil on August 16 1953 in Rio de Janeiro) is a Brazilian singer. He sings love balladas and romantic music in general both in Portuguese and Spanish languages. His song Mi Historia Entre Tus Dedos (My History Between Your Fingers)	peaked at #33 and #17 in the Billboard's Hot Latin Tracks and Latin Pop Airplay respectively.
2,Dave Weiner, Dave Weiner (full name David Jason Weiner born on September 24 1976) is an American guitarist most widely known for being one of Steve Vai's touring guitarists. He also posts instructional videos called the Riff of the Week every Wednesday on YouTube iTunes and his own website. He also gives online lessons.
5,HMS Swift (1907), HMS Swift was a unique destroyer leader designed and built for the Royal Navy prior to World War I another product of Admiral Jackie Fisher's relentless quest for speed. The class was to be a of large ocean-going destroyer capable of both the usual destroyer requirements and of the high-speed scouting duties for a major fleet.Fisher put his specification to the Director of Naval Construction in October 1904 (320 feet 900 tons 36 knots). The DNC replied that it was not strong enough.
1,Northeast Metro Tech, Northeast Metropolitan Regional Vocational High School also known as Northeast Metro Tech or The Voke is a regional vocational school located in Wakefield Massachusetts.
7,Valea Vadului River (Black Sea), The Valea Vadului River is a river in Romania tributary of the Black Sea.
11,Bulles (album), Bulles is an album by French singer-songwriter Michel Polnareff released in 1981.With this album the singer found more success as it sold 800000 copies. Radio Je t'aime and Tam-Tam were put into heavy rotation on French radio stations. Although mostly rock-oriented Polnareff maintains his personality lyrically and musically.In 2001 the album was re-issued by Universal-Polygram.
0,Zotefoams, Zotefoams Plc manufactures a range of closed cell cross-linked polyolefin foams for global use in sports construction marine automation medical equipment and aerospace. The headquarters are based in Croydon London with a USA subsidiary in Kentucky. Nigel Howard is the current Chairman. David Stirling Managing Director. Clifford Hurst Finance Director.The company was spun-off from BP Chemicals in 1992.
13,Unto a Good Land, Unto a Good Land (Swedish: Invandrarna) is a novel by Vilhelm Moberg from 1952. It is the second part of the The Emigrants series.
1,Philadelphia Military Academy at Leeds, Philadelphia Military Academy at Leeds (PMA) is a military school in the Cedarbrook neighborhood of North Philadelphia Pennsylvania. The school opened for the 2005-2006 school year with an enrollment of 157 ninth grade cadets. The academy is housed in the Leeds middle school.
6,St Michael and All Angels' Church Howe Bridge, St Michael and All Angels' Church Howe Bridge is located in Leigh Road Howe Bridge a suburb of Atherton Greater Manchester England. It is an active Anglican parish church in the deanery of Leigh the archdeaconry of Salford and the diocese of Manchester. Its benefice is united with those of three local churches St John the Baptist St George and St Philip forming a team ministry entitled the United Benefice of Atherton and Hindsford with Howe Bridge.
0,Zhongmei, Jiangxi Zhongmei Engineering Construction is a Chinese construction and engineering firm in the construction fields of roads housing public works urban rail mines and hydropower as well as the installation of mechanical and electrical equipment and geological exploration. In overseas projects it is active in Kenya Ethiopia Ghana Liberia Togo and Zambia.
3,Oksana Esipchuk, Oksana Aleksandrovna Esipchuk (Russian: Оксана Александровна Есипчук; born 13 December 1976 in Bryansk) is a female discus thrower from Russia. Her personal best throw is 63.68 metres achieved in June 2000 in Tula.She finished ninth at the 2001 Summer Universiade. In addition she competed at the Olympic Games in 2000 and 2004 as well as the 2005 World Championships without qualifying for the final round.
2,Johann Gottfried Piefke, Johann Gottfried Piefke (9 September 1817 – 25 January 1884) was a German conductor Kapellmeister and composer of military music.Piefke was born in Schwerin an der Warthe in the Grand Duchy of Posen. In the 1850s he was Bandmaster for the 8th Infantry Regiment in Berlin. His famous marches include Preußens Gloria (Prussia's Glory) Düppeler Schanzen-Marsch and the Königgrätzer Marsch (composed after the Battle of Königgratz 1866 the decisive battle of the Austro-Prussian War).
8,Nurme Leisi Parish, Nurme Leisi Parish is a village in Leisi Parish Saare County in western Estonia.
12,Tom and Jerry: Robin Hood and His Merry Mouse, Tom and Jerry: Robin Hood and His Merry Mouse is a 2012 animated direct-to-video film featuring the animated characters Tom and Jerry and produced by Warner Bros. Animation.
5,De Havilland DH.37, The de Havilland DH.37 was a British three-seat sporting biplane of the 1920s designed and built by de Havilland for Alan Butler. The first of the two examples built flew extensively for five years before being converted to a single-seater and having its engine upgraded to a 300 hp (224 kW) A.D.C. Nimbus . It crashed in June 1927. The second aircraft was sold to Australia and was flown by the Controller of Civil Aviation.
8,Chamarru, Chamarru is a village on the bank of Krishna River which borders the Guntur district. The section of river near the village has Krishna district villages on the other side. Chamarru has seen a decrease in population since 1990 with some families building houses nearer to the Atchampet an area known as New Chamarru. The village has a temple for Lord Ganesh as well as a primary school. There are few famous people from Chamarru including Sri. Aggaraju Bhramaraiah Garu and Sri.
0,Panzerfaust Records, Panzerfaust Records was a Minnesota-based white power record label founded in September 1998 by Anthony Pierpont Ed Wolbank and Eric Davidson (who had previously worked at Resistance Records). Named after a German anti-tank rocket the record label distributed the music of several white power bands and organized concerts across the United States.
6,Church of the Transfiguration (San Jose California), The Church of the Transfiguration is a Roman Catholic parish community located in San Jose California. The parish serves 750 families in the Diocese of San Jose. The church was founded in 1965 as a parish of the Archdiocese of San Francisco and is named for the Transfiguration of Jesus.
5,USS Condor (AMc-14), USS Condor (AMc-14) was a coastal minesweeper of the United States Navy. The ship was constructed as the wooden-hulled purse seiner New Example at Tacoma Washington in 1937. Acquired by the U.S. Navy on 28 October 1940 converted into a coastal minesweeper and placed in service on 18 April 1941.
5,Canadian National class K-3 4-6-2, Canadian National Railway (CN) Class K-3 steam locomotives were of 4-6-2 wheel arrangement in the Whyte notation or  2'C1'  in UIC classification. These locomotives were built for the Grand Trunk Railway (GT) from 1910 through 1913. The class remained in passenger service until the final replacement of steam with diesel locomotives. Number 5588 was preserved in Windsor Ontario.
1,Highcliff Elementary School, Highcliff Elementary School is a suburban elementary school located in the suburbs of Pittsburgh. The school's mascot is the Indians and its official colors are red and white.The original Highcliff Elementary was built in 1956. Highcliff Elementary students and staff were temporarily relocated at the vacant Northway Elementary School facility on Brown’s Lane in Ross Township during the 2009-2010 renovation and expansion project.
9,Grammodes geometrica, Grammodes geometrica is a moth formerly of the Noctuidae family. The Noctuidae family of moths are mostly classified in the family Erebidae now along with all of the former members of the families Arctiidae and Lymantriidae. This re-classification has not yet met with general consensus and many resources and publications still follow the older classification scheme (e.g.). It is found from the Mediterranean east to Oriental and Australasian tropics.
10,Calothamnus pinifolius, Calothamnus pinifolius (Dense clawflower) is a shrub species in the family Myrtaceae.
12,Andersonville (film), Andersonville is an American television film directed by John Frankenheimer about a group of Union soldiers during the American Civil War who are captured by the Confederates and sent to an infamous Confederate prison camp.The film is loosely based on the diary of John Ransom a Union soldier imprisoned there.
1,University of Ouagadougou, Founded in 1974 the University of Ouagadougou is located in the area of Dawn Van Noord in Ouagadougou Burkina Faso. In 1995 a second campus for professional education known as University Polytechnique of Bobo (UPB) was opened in the city of Bobo Dioulasso and a third campus for teacher training in Koudougou in 1996.
0,Studiopolis, Studiopolis Inc. is an American production company that specializes in voiceover recording and dubbing for cartoon anime and video games located in Studio City California. They were formerly known as Screenmusic Studios and then Studio E Productions up until 2005.
6,The Residences at 2211 Camelback, Built in 2006 by the Patrinely Group the guard gated and exclusive Residences at 2211 Camelback is a prestigious luxury townhouse building.
8,Cheshmeh Sib-e Deli Khomsir, Cheshmeh Sib-e Deli Khomsir (Persian: چشمه سيب دلي خمسير‎ also Romanized as Cheshmeh Sīb-e Delī Khomsīr; also known as Cheshmeh Sīb) is a village in Kabgian Rural District Kabgian District Dana County Kohgiluyeh and Boyer-Ahmad Province Iran. At the 2006 census its population was 64 in 17 families.
12,High Hell, High Hell is a 1958 American film set in the Canadian Rockies.
0,American Health Inc., American Health Inc. is an American company that manufactures dietary supplements. It is headquartered in Ronkonkoma New York.
2,Bong-Ra, Bong-Ra is the performing name of Dutch breakcore musician Jason Kohnen from Utrecht. Formed in 1996 initially producing and DJing jungle music.
11,I Will Be There (EP), I Will Be There is an EP recorded by the British hard rock supergroup Gogmagog. It was their sole release. There were no positive reviews for the tracks and the project was abandoned when the EP failed to chart.The title track was originally written and recorded by Russ Ballard on his 1981 album Into the Fire. The other two tracks were written by British record producer Jonathan King who put the band together for a failed rock opera project .
10,Buchenavia pabstii, Buchenavia pabstii is a species of plant in the Combretaceae family. It is endemic to Brazil.
12,Black Gold (2006 film), Black Gold is a 2006 feature length documentary film. The story follows the efforts of an Ethiopian Coffee Union manager as he travels the world to obtain a better price for his workers' coffee beans.The film is directed and produced by Marc Francis and Nick Francis from Speakit Films and co-produced by Christopher Hird. It premiered at Sundance in 2006.
5,Annie M. Pence, Annie M. Pence was a steamboat that ran on Puget Sound in the early 1890s.
12,Shoot-Out at Medicine Bend, Shoot-Out at Medicine Bend is a 1957 Western film directed by Richard L. Bare and starring Randolph Scott James Garner and Angie Dickinson. This was the final film that Scott made with Warner Bros.
11,Vintervisor, Vintervisor is the name of the second album by the Swedish folk band Triakel. It was released in late 2000 on Mono Music AB.
13,Soulmates (play), Soulmates is a play by Australian playwright David Williamson published by Currency Press and set in the world of publishing.Among the people satired are a critic which was seen as a reflection of Williamson's battles with the critics over a long period of time.Williamson later said he was surprised that no one picked up Soulmates for a film. It worked very well with audiences on stage and is a classic revenge story.
3,Vladimir Kurayev, Vladimir Petrovich Kurayev (Russian: Владимир Петрович Кураев; born June 10 1969) is a retired Russian professional footballer. He made his professional debut in the Soviet Second League B in 1990 for FC Znamya Arzamas. He played 3 games in the UEFA Intertoto Cup 1997 for FC Lokomotiv Nizhny Novgorod.
4,Jim Suttle, James H. Suttle (born c. 1944 or 1945) was the 50th mayor of Omaha Nebraska serving from 2009 to 2013.
2,Vanessa R. Williams, Vanessa R. Williams who records as just Vanessa Williams (born November 28 1960 in Baton Rouge Louisiana) is an American gospel music singer.After working as a public school art teacher for many years she signed with Light Records and Bajada Records. Her debut album Vanessa was released in 2002 and made the top ten of Billboard magazine's gospel albums chart. Her follow-up album Here I Go Again was released in 2004.
0,Chinese Entertainment Shanghai Limited, Chinese Entertainment Shanghai Limited (Chinese: 上海唐人电影制作有限公司) also known as Chinese Entertainment (Chinese: 唐人电影) is a company established in 1998 that provides investment production and publishment of films TV series and cartoons.Its headquarters are in Shanghai China. It has branch offices/agencies in Beijing Hengdian (Chinese:横店) Hong Kong and Taiwan and a publishing network in China Singapore Malaysia India Japan Korea Vietnam America Canada and Europe.
9,Archana (moth), Archana is a genus of moths of the Noctuidae family.
7,Mont Collon, Mont Collon (3637 m) is a mountain of the Swiss Pennine Alps in the canton of Valais. Its glaciated north face dominates the view south from the village of Arolla.The ascent over the West Ridge first made by A. Cust and F. Gardiner with the guides Peter Knubel and Johannes Knubel of St. Niklaus in the canton Valais on 3 August 1876 is now the normal route.
4,Jessica King, Jessica King is a former Democratic member of the Wisconsin Senate representing the 18th Wisconsin District when elected in 2011. She defeated incumbent Republican Senator Randy Hopper in a special recall election on August 9 2011 and took office August 25 2011; but lost the seat to another Republican Rick Gudex in the November 2012 general election helping to revert that chamber back to Republican control.
2,Vilhelms Purvītis, Vilhelms Purvītis (3 March 1872 in Zaube Latvia – 14 January 1945 in Bad Nauheim Germany) was a landscape painter and educator who founded the Latvian Academy of Art and was its rector from 1919 to 1934.Purvītis studied painting at the Imperial Academy of Arts in Saint Petersburg Russia from 1890 to 1897 primarily under Arkhip Kuindzhi graduating with the Grand Gold Medal. From 1898 to 1901 his paintings were exhibited in Berlin Munich Paris and Lyon to great acclaim.
1,Evergreen High School (Evergreen Colorado), Evergreen High School is a public secondary institution in the JEFFCO Public Schools district in Evergreen Colorado U.S. Until Conifer High School opened in 1996 it served students in both Evergreen and Conifer. Evergreen High School is known for being a school of excellence in its academic athletic and extracurricular activities.
7,Slimnic River (Coțatcu), The Slimnic River is a tributary of the Coțatcu River in Romania. The upper reach of the river is sometimes referred to as Tâmboeşti River
10,Podocarpus aracensis, Podocarpus aracensis is a species of conifer in the Podocarpaceae family.It is found only in Brazil.
13,Dancing Barefoot (book), Dancing Barefoot is a book of memoirs written by writer and actor Wil Wheaton and illustrated by illustrator Ben Claassen III. In Spring of 2003 Wheaton founded the independent publishing company Monolith Press and released the book (ISBN 0-9741160-0-9).
3,Durand Soraine, Durand Soraine (born 11 September 1983) is an Indian-born Canadian cricket player. He is a right-handed batsman and right arm medium pace bowler. He made his senior debut for Canada in the ICC Americas Championship One Day International against Bermuda on 21 August 2006 and went on to play for them in the remaining matches in the tournament. He played for the Canada Under 19 team in the 2004 World Cup.
3,Anton Smirnov, Anton Yuryevich Smirnov (Russian: Антон Юрьевич Смирнов; born August 7 1983) is a Russian professional football player. As of 2012 he plays for FC Slavia-Mozyr.
12,Clubland (2007 film), Clubland internationally known as Introducing the Dwights is a 2007 Australian comedy film directed by Cherie Nowlan and written by Keith Thompson. It stars an ensemble cast which includes Khan Chittenden Emma Booth Richard Wilson and Brenda Blethyn.
11,Mantra of Love, Mantra of Love is an album by Acid Mothers Temple & The Melting Paraiso U.F.O. released in 2004 by Alien8 Recordings.
1,Souderton Area School District, Souderton Area School District is a large suburban public school district which covers an area of almost 50 square miles (130 km2) in Montgomery County Pennsylvania. The district serves the municipalities of Souderton Telford Franconia Lower Salford Upper Salford and Salford. By 2005 the population of the district had exceeded 41000. The Souderton Area School District operates 3 secondary schools and 7 elementary schools.
13,Erec (poem), Erec is the first poem of Hartmann von Aue and is considered the founding work of Arthurian Legend in German. It is based on Chrétien de Troyes' first romance Erec and Enide.
0,Worldcolor, World Color Press Inc. (Worldcolor) (formerly Quebecor World) was a company which provided high-value and comprehensive print digital and related services to businesses worldwide. World Color and its subsidiaries printed various commercial products including comic books magazines brochures direct mail and newspaper inserts and directories while also providing clients a broad range of pre-press services such as desktop production and assembly.
10,Mimetes fimbriifolius, Mimetes fimbriifolius (also called Cowl Pagoda or the Fringed Pagoda) is a species of plant in the Proteaceae family. It is endemic to the Table Mountain range in the city of Cape Town South Africa.
5,ORP Rolnik, ORP Rolnik (Polish: farmer) is a Polish Navy missile Tarantul-class corvette.
11,Unexpected Arrival, Unexpected Arrival is the debut studio album by American rapper Diggy Simmons released on March 20 2012 in the United States by Atlantic Records. As of June 22 2013 the album has sold 89750 copies in the United States.
8,Białosuknia, Białosuknia [bjawɔˈsukɲa] is a village in the administrative district of Gmina Goniądz within Mońki County Podlaskie Voivodeship in north-eastern Poland. It lies approximately 8 kilometres (5 mi) east of Goniądz 10 km (6 mi) north of Mońki and 46 km (29 mi) north-west of the regional capital Białystok.
1,St. Henry's Marist Brothers' College, St. Henry's Marist College formerly known as St Henry's Marist Brothers' College is a co-educational private school school with a Catholic foundation in Glenwood Durban KwaZulu-Natal South Africa.
1,Ursuline High School (Santa Rosa California), Ursuline High School was a private Roman Catholic all-girls high school in Santa Rosa California. It is located in the Roman Catholic Diocese of Santa Rosa in California.
7,Maningory River, Maningory is a river in the region of Analanjirofo in north-eastern Madagascar. It takes it source in Lake Alaotraand flows into the Indian Ocean near Antakobola.
1,Prestonwood Christian Academy, Prestonwood Christian Academy (PCA) is a private PreK-12 school in Plano Texas. As ministry of Prestonwood Baptist Church it was founded 1997.
13,Chi's Sweet Home, Chi's Sweet Home (チーズスイートホーム chīzu suīto hōmu) is a manga series written and illustrated by Kanata Konami. It has been serialized in Kodansha's seinen manga magazine Weekly Morning since 2004. The manga has been licensed for North American distribution by Vertical Inc. To date it has been collected in nine volumes with the most recent being published in August 2012. An anime adaptation in two seasons began airing on March 31 2008 and concluded on September 25 2009.
6,McGregor Memorial Conference Center, The McGregor Memorial Conference Center is an office building located at 495 Ferry Mall on the campus of Wayne State University in Midtown Detroit Michigan. The building was Minoru Yamasaki's first commission following his trip to Japan and re-envisionment of architectural design.
1,Huachiew Chalermprakiet University, Huachiew Chalermprakiet University (HCU) is a university located in Samut Prakan Thailand. Huachiew Midwifery School founded by the Poh Teck Tung Foundation began offering nursing and midwifery training in 1941. It became Huachiew College with a single faculty in nursing in 1981 and expanded into a university in 1992 under its current name. The university today is organized into nine faculties and a graduate school.
5,RV Simon Stevin, The RV Simon Stevin performs coastal oceanographic research in the Southern Bight of the North Sea and in the eastern part of the English Channel. It also serves as training platform for students from marine scientific and maritime studies and as a test platform for new marine and maritime technologies.
3,Pedro Uralde, Pedro Uralde Hernáez (born 2 March 1958 in Vitoria-Gasteiz Álava) is a Spanish retired footballer who played as a striker.
8,Dobroszowice, Dobroszowice [dɔbrɔʂɔˈvit͡sɛ] is a village in the administrative district of Gmina Lubrza within Prudnik County Opole Voivodeship in south-western Poland close to the Czech border. It lies approximately 3 kilometres (2 mi) north-east of Lubrza 7 km (4 mi) north-east of Prudnik and 40 km (25 mi) south-west of the regional capital Opole.Before 1945 the area was part of Germany (see Territorial changes of Poland after World War II).
4,Praise-God Barebone, Praise-God Barebone (c. 1598 –1679) also spelled Barbon was an English leather-seller preacher and Fifth Monarchist. He is best known for giving his name to the Barebone's Parliament of the English Commonwealth of 1653.
0,Atlantic Television, Atlantic Television Inc (also known as Atlantic TV and ATV) is a national television production and professional video services company headquartered in New York City. The company provides production support for leading broadcasters corporations and production companies in every major city in North America.
8,Qazi Bolaghi, Qazi Bolaghi (Persian: قاضي بلاغي‎ also Romanized as Qāzī Bolāghī; also known as Kazibaga Qāzībagha Qāẕī Bāghī Qāzī Bāghī and Qāẕī Bolāgh) is a village in Dast Jerdeh Rural District Chavarzaq District Tarom County Zanjan Province Iran. At the 2006 census its population was 412 in 110 families.
4,John W. Metzger, John William Metzger (April 4 1911 – January 25 1984) was a prominent Denver lawyer. He was elected to the Attorney General for the state of Colorado in 1949 for one term. He was also briefly the owner of the historic Trianon property in Colorado Springs Colorado before moving much of the art to the Trianon Museum and Art Gallery in Denver.
10,Hydrangea anomala, Hydrangea anomala is a species of hydrangea native to the woodlands of the Himalaya southern and central China and northern Myanmar.It is a woody climbing plant growing to 12 m height up trees or rock faces climbing by means of small aerial roots on the stems. The leaves are deciduous ovate 7-13 cm long and 4-10 cm broad with a heart-shaped base coarsely serrated margin and acute apex.
5,Swiftsure, Lightship No. 83 also known as Swiftsure is a lightship launched in Camden New Jersey in 1904 and now moored in Seattle Washington. She steamed around the tip of South America to her first station at Blunts Reef in California where she saved 150 people when their ship ran aground in dense fog. Formerly known as Relief Number 83 had numerous names on her sides all of which indicated the location of her station.
5,MS Silja Symphony, MS Silja Symphony is a cruiseferry owned by the Estonian shipping company Tallink Group operated under their Silja Line brand on a route connecting Helsinki Finland to Stockholm Sweden via Mariehamn. She was built in 1991 by Masa Yards Turku Finland.
3,Ronnie Grieveson, Ronald Eustace Ronnie Grieveson OBE (24 August 1909 – 24 July 1998) was a South African cricketer who played in two Tests in 1938-39. He was born and died in Johannesburg South Africa.As a cricketer Grieveson was a right-handed middle-order batsman and a wicketkeeper though he did not always keep wicket for Transvaal which had the services of Test wicketkeeper Jock Cameron until his death in 1935.
7,Seleucus (crater), Seleucus is a lunar impact crater located in the western part of Oceanus Procellarum. To the west is the lava-flooded remains of the walled plain Eddington. To the southwest is the crater Krafft and to the northwest lies Briggs.The rim of Seleucus is well-formed with a terraced inner rim and a slight rampart. The floor is relatively flat with a small central peak.
7,Guadalupe River Spain, The Guadalupe or Guadalupejo River (Spanish: Río Guadalupe) is a right hand tributary of the Guadiana in Spain.
9,Eulima mamilla, Eulima mamilla is a species of sea snail a marine gastropod mollusk in the family Eulimidae. The species is one of multiple known species to exist within the genus Eulima.
12,The Hills Have Eyes (2006 film series), The Hills Have Eyes is the title of a American slasher horror film series that began in 2006. The first film of the series is a remake of the 1977 film The Hills Have Eyes by Wes Craven. The film was followed by The Hills Have Eyes 2 in 2007.The films center around an inbred clan living in the desert killing anyone who they encounter. The films draw inspiration from the legend of Sawney Bean a serial killer who is said to have murdered and eaten over a thousand people with his family.
7,Supramonte, The Supramonte is an area of mountains and highlands located in central-eastern Sardinia Italy. It lies northeast of the Gennargentu massif spanning eastwards until it reaches the Tyrrenian See in the Gulf of Orosei. It has an extension of about 35000 hectares encompassing most of the territories of the comuni (municipalities) of Baunei Dorgali Oliena Orgosolo and Urzulei.
7,Mălinul River, The Mălinul River is a tributary of the Valea Scorușilor River in Romania.
7,Boistfort Peak, Boistfort Peak also called Baw Faw Peak is a peak in the Willapa Hills in Washington state. The summit was once the site of a fire lookout.Today it has communication antennae including the N7PRJ 2-meter ham repeater. It also is the site of station BOW in the Pacific Northwest Seismic Network.
3,Mitch Escanellas, Mitch Escanellas (born 19 June 1973) is a Puerto Rican fencer. She competed in the women's individual épée event at the 1996 Summer Olympics.
2,Conrad Bernier, Conrad Bernier (b. Quebec City 9 May 1904 d. Washington DC 7 Nov 1988) was a French-Canadian organist composer and teacher.
7,Kronplatz, The Kronplatz (Ladin and Italian: Plan de Corones) is a mountain in South Tyrol Italy.In the winter it is a ski resort and some of the lifts remain open in the summer for other activities such as walking climbing and mountain biking. Kronplatz ski resort is the most modern in the Dolomites and one of the best ski resorts in Europe. 32 lifts 1375 metres (4510 feet) of vertical descent 60 Pistes (116km)
11,Through Tomorrow, Through Tomorrow is the debut album by heavy metal band Seasons After. It was firstly released in 2008 and then remixed and reissued in 2010 with 2 additional tracks. Their first single is 11:11. The second single off the album is their cover of the 1980s classic Cry Little Sister by Gerard McMann' made famous from the film The Lost Boys. The music video for the song premiered on MTV2's Headbanger's Ball.
13,Functional Ecology (journal), Functional Ecology is a bimonthly peer-reviewed scientific journal on organismal ecology publishing papers on physiological behavioural and evolutionary ecology emphasising an integrative approach. The scope of the journal has changed over time. A recent editorial stated that the journal is increasing its coverage of community evolutionary and ecosystem ecology. The journal was established in 1987 and is published by Wiley-Blackwell on behalf of the British Ecological Society.
3,John Kelly (Lancashire and Derbyshire cricketer), John Martin Kelly (19 March 1922 – 13 November 1979) was an English cricketer who played first class cricket for Lancashire from 1947 to 1949 and for Derbyshire from 1950 to 1960.Kelly was born at Bacup Lancashire. He was playing for Bacup as a teenager in 1938 and 1939 and again in 1946 after World War II. Also in 1946 he played a match for Lancashire second XI.
1,University of Santa Catalina, The Pontifical and Royal University of St. Catherine or University of Osma (Spanish Pontificia y Real Universidad de Santa Catalina or Universidad de Osma) was founded in 1550 by the Portuguese bishop Pedro Alvarez de Acosta in El Burgo de Osma in Spain. It was closed in 1841. The building that housed the university is now a hotel.
1,The Academy of Music, The Academy of Music was a music conservatory located in the United States. The academy was once considered one of the foremost music academies in the southeast and the primary music academy in the state of North Carolina. Centrally located downtown in the metropolitan city of Raleigh North Carolina the Academy taught a number of University age students as well as advanced high school students..
3,Louay Chanko, Louay Chanko (Arabic: لؤي شنكو‎; born 29 November 1979) is a Swedish Assyrian-born Syrian footballer who plays in midfield for Syrianska FC in the Swedish Allsvenskan. Chanko have scored one of the most special goals ever in Greek championship in AEK's 3–0 win against rivals Panathinaikos (23 October 2005). It was an amazing volley from 35m. distance with the ball coming to him from big height. Greek fans will remember him for years because of this shoot.
9,Anama (genus), Anama limpida is a species of beetle in the family Cerambycidae the only species in the genus Anama.
1,Grantlea Downs School, Grantlea Downs School is a primary school in Timaru New Zealand and it started in 1959. In 2004 they merged with Seadown School and Grantlea with the new title Grantlea Downs. In 2006-2007 a new hall was built which has a bigger staffroom offices and meeting room. The Principal of Grantlea Downs is Dave Hawkey since 1997.50th Jubilee was held at the school in Easter 2009.
7,Khojak Pass, Khojak Pass (el. 7513 ft) connects Qila Abdullah with Chaman in the province of Baluchistan Pakistan. The road through the pass connects the larger cities of Quetta Pakistan and Kandahar Afghanistan. Khojak railroad tunnel 5.2 kilometre long (3.2 miles). Small forts to defend pass on each hill top.
3,Mikael Andersson (ice hockey born 1966), Bo Mikael Andersson (born 10 May 1966) is a Swedish former professional ice hockey forward who played 15 seasons in the National Hockey League (NHL) for the Buffalo Sabres Hartford Whalers Tampa Bay Lightning Philadelphia Flyers and New York Islanders. Andersson is now serving as a scout for the Tampa Bay Lightning. He is the older brother of former hockey player Niklas Andersson.
3,Maria Dyatchkova, Maria Dyatchkova is a Russian football defender currently playing for Zvezda Perm in the Russian Championship. She has won five championships with CSK VVS Samara Rossiyanka and Zvezda.She is a member of the Russian national team but missed the 2009 European Championship due to an injury.
13,The Starmen, The Starmen is a science fiction novel by author Leigh Brackett. It was published in 1952 by Gnome Press in an edition of 5000 copies. It was also published by Ballantine Books in 1976 under the original magazine title of The Starmen of Llyrdis. Ace Books published an abridged edition under the title The Galactic Breed. The Ace edition was published as an Ace Double with Conquest of the Space Sea by Robert Moore Williams.
5,USS Pembina (AK-200), USS Pembina (AK-200) – later known as USNS Pembina (T-AK-200) -- was an Alamosa-class cargo ship that was constructed for the U.S. Navy during the closing period of World War II. After a brief period of service with the Navy in the Pacific theatre she was transferred to the U.S. Army in Yokosuka Japan. In 1951 she was returned to the Navy and served the remainder of her Navy career with the Military Sea Transportation Service.
11,Rag & Bone (album), Rag & Bone is the third EP by American alternative country band The Walkabouts released on February 1 1990 through Sub Pop Records.
7,Veischede, Veischede is a river of North Rhine-Westphalia Germany.
1,Ferndale High School (Washington), Ferndale High School is one of two high schools in the Ferndale School District in Ferndale Washington. Ferndale High School (FHS) is located on the coast of Puget Sound in the northwest region of Washington State. The school is north of Bellingham and approximately 10 miles south of the Canadian border.The school has a diverse student population that includes members of the nearby Lummi Nation and immigrants from Asia and Europe.
11,The Story of The Dawn: The Ultimate OPM Collection, The Story of The Dawn: The Ultimate OPM Collection is a compilation album by The Dawn released in 2001. It is a repackaged reissue of The Dawn: OPM Timeless Collection Gold Series a compilation album released in 1997 containing exactly the same tracks in similar sequence.
2,Joseph Hoo Kim, Joseph 'Jo Jo' Hoo Kim (born 1942) is a Jamaican reggae record producer.
12,Sachaai, Sachaai is a 1969 Indian Bollywood film directed by K. Shankar and produced by M.C. Ramamurthy. It stars Shammi Kapoor Sanjeev Kumar and Sadhana Shivdasani in pivotal roles.
2,Sam Rizzetta, Sam Rizzetta (born May 23 1942) is a hammered dulcimer player builder and designer originally from Chicago and now living in Inwood West Virginia.Rizzetta discovered the hammered dulcimer while working in the repair of guitars and illustrated books in the 1960s to put himself through graduate school. His first exposure to the instrument was hearing the traditional player Chet Parker. Sam and his wife Carrie moved east around 1968 and he took a job with the Smithsonian Institution.
1,Iowa City West High School, Iowa City West High School is a public high school in Iowa City Iowa. It has about 2000 students in grades 9-12. The school employs nearly 200 teachers and staff. Boys' athletic teams are called The Trojans while girls' teams are called The Women of Troy.
13,Swimming Without a Net (novel), Swimming Without a Net is the second novel in the Fred the Mermaid Trilogy by MaryJanice Davidson.
0,Front Sight Firearms Training Institute, Front Sight Firearms Training Institute also known as Front Sight was founded in 1996 by Dr. Ignatius Piazza.
4,William B. Read, William Brown Read (December 14 1817 – August 5 1880) was a 19th-century politician and lawyer from Kentucky.Born in Hardin County Kentucky Read completed preparatory studies studied law and was admitted to the bar commencing practice in Hodgenville Kentucky in 1849.
7,Pavilion Mountain, Pavilion Mountain is a mountain in the Marble Range in the South Cariboo region of the South-Central Interior of British Columbia Canada located northeast of the ranching and First Nations community of Pavilion and to the north of Marble Canyon and immediately south of Kelly Lake which is the focus of Downing Provincial Park.
4,Carlos Heredia, Carlos Heredia is a Mexican economist born in Tampico Tamaulipas in 1956. Heredia served as a (PRD) Member of Mexico's 57th Congress from 1997 to 2000.He has held senior positions with Mexico’s Treasury Department and the Government of Mexico City. He was Senior Advisor on International Affairs to Lázaro Cárdenas-Batel Governor of the State of Michoacán from 2003 to 2008.
12,Maowid ala ashaa, Maowid ala Ashaa (1981)(Arabic: موعد على العشاء‎ English: A Dinner Date) is a 1981 Egyptian romance film starring Souad Hosni and Ahmed Zaki. The life story of a beautiful and pure woman interested of the very little things with a great sensibility.
9,Banded Green Sunbird, The Banded Green Sunbird (Anthreptes rubritorques) is a species of bird in the Nectariniidae family.It is endemic to Tanzania.Its natural habitats are subtropical or tropical moist lowland forests subtropical or tropical moist montane forests plantations and rural gardens.It is threatened by habitat loss.
3,Pak Chol-min (judoka), Pak Chol-min (born September 21 1982) is a North Korean judoka. He won the bronze medal in the Men's 66 kg at the 2008 Summer Olympics.
7,Mount Tandikat, Tandikat is a stratovolcano in West Sumatra Indonesia. Its elevation is 2438 m (7999 ft). It is a twin volcano with Mount Singgalang which is located to the north-north-east of Tandikat. However only Tandikat has had historical volcanic activity. The city of Padang Panjang is located at the foot of the mountain.
9,Koyamaia, Koyamaia curvipes is a species of harvestmen in a monotypic genus in the family Sclerosomatidae.
7,Rimetea River, The Rimetea is a small river in the Apuseni Mountains Alba County and Cluj County western Romania. It is a right tributary of the river Arieş. It flows through the municipalities Rimetea and Iara and joins the Arieș in the village Buru. It is fed by several smaller streams including Pârâul Muntelui and Valea Albă.
4,Moss Kent Dickinson, Moss Kent Dickinson (June 1 1822 – July 19 1897) was a Canadian businessman mayor of Ottawa from 1864 to 1866 member of the Canadian Parliament from 1882 to 1887 and the founder of Manotick.He was born in Denmark New York in 1822 to parents Barnabus and Lydia Dickinson. A descendent of the Mayflower Pilgrims the Dickinson family had been settled in the United States for generations. His family moved to Cornwall Ontario in 1827.
2,James Gelfand, James Gelfand (born April 3 1959) is a Canadian jazz pianist arranger and composer. He is best known for his film and television scores.
9,Western school whiting, The western school whiting Sillago vittata (also known as the banded whiting golden whiting and bastard whiting) is a species of benthic marine fish in the smelt-whiting family Sillaginidae. The species is one of three 'school whiting' that inhabit southern Australia and share a very similar appearance. Western school whiting are known to grow to 30 cm in length and 275 g in weight although unconfirmed reports suggest this might be an underestimate.
12,The Invisible Divorce, The Invisible Divorce is a 1920 American silent drama film released by Select Pictures and starring Leatrice Joy. The film's status is currently unknown suggesting that it is a lost film.
6,Vienna Public Library, The Vienna Public Library also known as Vienna Carnegie Library is a Carnegie library located at 401 Poplar St. in Vienna Illinois. The library was built in 1911 through a $5000 grant from the Carnegie Foundation. The brick building designed by local architect Thomas Clymer features a tall flight of stairs leading to the front entrance; two pilasters flank the staircase.
13,Newjack: Guarding Sing Sing, Newjack: Guarding Sing Sing is a non-fiction book by Ted Conover published in 2000. In the book Conover a journalist and university professor recounts his experience of learning about the New York State correctional system by becoming a correctional officer for nearly a year. The author went to such lengths after being repeatedly denied cooperation by the New York State Department of Correctional Services. In the book he divulges the inner-workings of the system.
10,Cotyledon chrysantha, Cotyledon chrysantha (syn. Umbilicus chrysanthus Boiss. & Heldr.) is an ornamental plant of Crassulaceae family.
10,Hygrophila corymbosa, Hygrophila corymbosa commonly known as temple plant starhorn or giant hygro is an aquatic plant in the acanthus family. It is native to South East Asia but is grown worldwide in tropical aquariums. The plant naturally grows as an emergent but it can survive long periods fully submerged.
13,Tears of the Giraffe, Tears of the Giraffe is the second in The No. 1 Ladies' Detective Agency series of novels by Alexander McCall Smith set in Botswana and featuring the Motswana protagonist Precious Ramotswe.
8,Kadaungbwin, Kadaungbwin is a village in Homalin Township Hkamti District in the Sagaing Region of northwestern Burma.
12,Pokkisham, Pokkisham (Tamil: பொக்கிஷம் Pokkiṣam ? English: Treasure) is a 2009 Tamil film directed by Cheran. The feature failed at the box office compared to Cheran's previous work Autograph. Movie dubbed by Meena and Prasanna.This movie's concept is partially inspired by the 1995 Hollywood romantic film The Bridges of Madison County directed by Clint Eastwood.
10,Abelmoschus caillei, Abelmoschus caillei the West African okra is a plant species in the family Malvaceae. It occurs in West and Central Africa where it is used as a vegetable. It originated as an allopolyploid hybrid of Abelmoschus esculentus and A. manihot. The same hybrid was produced experimentally in Japan where it is known as Abelmoschus glutino-textile.
13,Aero International, Aero International is a German monthly magazine devoted to civil aviation. It was established in 1993. The editor in chief since 1997 is Dietmar Plath.
13,The Mariner (newspaper), The Mariner is a Toulouse-based English-language newspaper aimed at the university's and city's English-friendly community which offers both investigative journalism and original creative content.
6,123 Albert Street, 123 Albert Street also known as Rio Tinto Tower is a commercial office development in Brisbane Australia. The modern style office building is located in the Brisbane central business district at 123 Albert Street. The building was completed in July 2011 and opened in October 2011.The Premium grade office tower was designed by Hassell and is owned by Dexus Property Group.
5,Sri Lanka Railways S5, The Sri Lanka Railways Class S5 is a diesel multiple unit. These DMUs were built by Hitachi. These were introduced to Sri Lanka between 1969 and 1970. Only two train-sets were imported. This class was built with modern interior facilities aiming the special train tours.
2,Sebastian Wurth, Sebastian Wurth (Born on 21 July 1994 in Wipperfürth North Rhine-Westphalia) is a German singer and was a participant in season 8 of Deutschland sucht den Superstar making it to the Top 5.
3,Charlie Roland, Charlie Roland (16 March 1878 - 3 February 1938) was a former Australian rules footballer who played with Carlton in the Victorian Football League (VFL).
4,Sara L. Ellis, Sara Lee Ellis (born December 8 1969) is a United States District Judge of the United States District Court for the Northern District of Illinois.
1,Antioch Community High School, Antioch Community High School Antioch or ACHS is a public four-year high school located in Antioch Illinois a far north suburb of Chicago Illinois in the United States. It is part of Community High School District 117 which also includes Lakes Community High School.
0,Procrastinate! Music Traitors, Procrastinate! Music Traitors is an American record label started by the members of the band Brand New. Little is known about the label other than its first release a rerelease of Kevin Devine's 2006 album Put Your Ghost to Rest (available April 20 2008).On January 11 2010 Brand New announced via their Twitter account that their 2006 album The Devil and God Are Raging Inside Me would be released as a 2-LP white vinyl record through Procrastinate! Music Traitors on March 23 2010.
7,Black Mountains (Arizona), For other mountain ranges named Black Mountains see: Black Mountains (disambiguation)The Black Mountains of northwest Arizona are an extensive mostly linear north-south 75-mile (121 km) long mountain range. It forms the north-south border of southwest Mohave County as it borders the eastern shore of the south-flowing Colorado River from Hoover Dam.The northwest and parts of the west of the range are located in the Lake Mead National Recreation Area.
6,Salvador Dali Museum, The Salvador Dali Museum in St. Petersburg Florida United States houses the largest collection outside Europe of the works of the artist Salvador Dalí and is located on the Downtown St. Petersburg waterfront by 5th Avenue Southeast Bay Shore Drive and Dan Wheldon Way. On April 18 2012 the AIA's Florida Chapter placed the building on its list of Florida Architecture: 100 Years. 100 Places as the Dali Museum.
0,Coop Norge, Coop Norge SA is a Norwegian cooperative. It is owned by 117 local cooperatives with more than 1.3 million members. The company has its headquarters in Oslo.
3,Luis Ángel Morales, Luís Ángel Morales (born April 4 1993 in Guadalajara Jalisco Mexico) is a Mexican footballer. He currently plays as an attacking midfielder for Monarcas Morelia of Mexico. He is nicknamed El Vaquerito because he played in a 3rd division team The Vaqueros.
7,Açunguí River, The Açunguí River is a river of Paraná state in southern Brazil.
6,Cross Cancer Institute, The Cross Cancer Institute is the comprehensive cancer centre for northern Alberta and is one of two tertiary cancer centres in the province. It provides inpatient and outpatient services for cancer patients and counselling and support services for patients and their families.
7,Mount Waesche, Mount Waesche is a large and prominent mountain of volcanic origin standing immediately SW of Mount Sidley and marking the southern end of the Executive Committee Range in Marie Byrd Land Antarctica. The feature is snow covered except for rock exposures on the south and southwestern slopes. The volcano may have been active as late as the Holocene (Lough et al.
7,Lake Claire (Alberta), Lake Claire is the largest lake which is entirely in Alberta Canada. It is located entirely in Wood Buffalo National Park west of Lake Athabasca. It lies between the mouths of Peace River and Athabasca River and is part of the Peace-Athabasca Delta system.The lake has a total area of 1436 km2 (554 sq mi) with 21 km2 (8.1 sq mi) island area and lies at an elevation of 213 m (699 ft). It is the largest lake located entirely within Albertan boundaries.
6,Puente de las Calabazas, Puente de las Calabazas is a lattice girder bridge near Coamo Puerto Rico that dates from 1882. It was listed on the U.S. National Register of Historic Places in 2009.
11,Mientras Más Lo Pienso...Tú, Mientras Más Lo Pienso...Tú is the third album by Juan Luis Guerra and it was the one that converted him into a national star and created a fan base for him outside the Dominican Republic[citation needed].
8,Deliabad, Deliabad (Persian: دلي اباد‎ also Romanized as Delīābād and Dalīābād; also known as Dalābād) is a village in Shirvan Rural District in the Central District of Borujerd County Lorestan Province Iran. At the 2006 census its population was 509 in 126 families.
4,Leo T. Sorokin, Leo T. Sorokin (born 1961) is the Chief United States Magistrate Judge of the District of Massachusetts and is a nominee to be a United States District Judge of the United States District Court for the District of Massachusetts.
6,Smithsonian Institution Building, For similar uses and terms see Smithsonian (disambiguation).The Smithsonian Castle located near the National Mall in Washington D.C. behind the National Museum of African Art and the Sackler Gallery houses the Smithsonian Institution's administrative offices and information center. The building is constructed of Seneca red sandstone in the faux Norman style (a 12th-century combination of late Romanesque and early Gothic motifs) and is nicknamed the Castle.
7,Vicar Water, Vicar Water is a small river in Nottinghamshire England. It is a tributary of the River Maun and runs through an area which was once the royal hunting ground of Clipstone Park. It gained its present name in the early nineteenth century and was dammed in 1870 in order to make a trout fishery which was used to stock the lakes at nearby Welbeck Abbey. Since the cessation of coal mining much of it has been incorporated into a country park and is a designated Local Nature Reserve.
9,Heterogobius chiloensis, Heterogobius chiloensis is a species of goby found along the Pacific coast of Chile. This species is the only known member of its genus.
1,Oxford School of Drama, The Oxford School of Drama is a prestigious drama school in the United Kingdom the only professional drama school in Oxfordshire. It is based at Wootton ten miles north of OxfordThe School has three-year diploma courses a one-year course leading to a certificate and also teaches six-month foundation courses in Acting and Musical Theatre; all are validated by Trinity College London.The School is governed by a board of trustees which includes Roger Ainsworth Michael Codron and Thelma Holt.
9,Parvanachis ostreicola, Parvanachis ostreicola is a species of sea snail a marine gastropod mollusk in the family Columbellidae the dove snails.
2,Agnes Ravatn, Agnes Ravatn (born 8 February 1983 in Ølen) is a Norwegian novelist columnist and journalist.She debuted in 2007 with the novel Veke 53 ('Week 53').Ravatn is a columnist and journalist for Nynorsk newspaper Dag og Tid. A series of essays for the publication were released in 2009 as Stillstand ('Standstill'). In 2011 came her second books of essays Folkelesnad on Norwegian magazines.
3,George Rooks, George Brinton McClellan Rooks (born George Brinton Mc Clellan Ruckser) (1863–1935) was a Major League Baseball outfielder. He played for the Boston Beaneaters of the National League in five games during the 1891 baseball season. His grandson Lou Possehl would later play in the Majors.
8,Frazeysburg Ohio, Frazeysburg is a village in Muskingum County Ohio United States along Wakatomika Creek. The population was 1326 at the 2010 census.Frazeysburg is home to the world's largest apple basket which is located on the Longaberger homestead.
13,Magical Meow Meow Taruto, Magical Meow Meow Taruto (魔法少女猫たると Mahō Shōjo Neko Taruto) is a Japanese manga & anime television series. The series centers on the exploits of a race of pet cats drawn as catgirls and the occasional catboy.
10,Epidendrum serpens, Epidendrum serpens is a sympodial pseudobulbous orchid that grows among lichens on trees near the tree line at altitudes of 1.6-3.5 km in Peru and Ecuador including the states of Azuay and Pichincha.
11,Live at The Siren, Live at The Siren is a live album released by the Canadian hard rock band Harem Scarem. The album features two studio songs and was only released in Japan.
5,MLW RS-18, The MLW RS-18 was an 1800 hp (1340 kW) diesel-electric locomotive built by Montreal Locomotive Works between December 1956 and August 1968. It replaced the RS-10 in MLW's catalogue and production totalled 351 locomotives to eight customers. It was the Canadian version of the ALCO RS-11 although MLW did manufacture the RS-11 for Ferrocarriles Nacionales de México.Canadian National Railway by far the largest buyer of the RS-18 continued to specify the long hood as the front.
3,Howard Fuller, Howard Fuller (born 31 July 1992 in Worcester Park Surrey) is a British auto racing driver. He currently drives in the British Touring Car Championship for RCIB Insurance Racing.
6,Teeple Barn, Teeple Barn was a historic structure in Elgin Illinois. It was a sixteen-sided barn designed by W. Wright Abell for Lester Teeple a dairy farmer. In 1979 it was added to the National Register of Historic Places as the only surviving sixteen-sided barn in Illinois. The barn was destroyed on May 27 2007 following a storm.
1,Houndsfield Primary School, Houndsfield Primary School is a primary school located in Edmonton. The school was founded in 1903.
0,The Centre for Applied Genomics, The Centre for Applied Genomics is a genome centre in the Research Institute of The Hospital for Sick Children and is affiliated with the University of Toronto. TCAG also operates as a Science and Technology Innovation Centre of Genome Canada with an emphasis on next-generation sequencing (NGS) and bioinformatics support.
6,Hamburger Mary's, Hamburger Mary's is a gay-themed and LGBT-friendly burger restaurant chain that started in San Francisco California in 1972. Their motto is: an open-air bar and grill for open-minded people and the eateries are often in gay-centric neighborhoods. The menu items include friskily named items and the decor of the restaurants is flamboyant. Cross-dressing is common and the Mary in the name is a reference to the slang descriptor Mary used for gay men as far back as the early 1900s.
10,Sideritis hyssopifolia, Sideritis hyssopifolia hyssop-leaved mountain ironwort. A 40 cm high shrublet with narrow pointed leaves. The flowers (1 cm) are borne in dense cylindrical clusters from broad spiny-toothed bracts. The calyx also has spiny teeth. Flowers June-August.
0,Computer Sciences Corporation, Computer Sciences Corporation (CSC) is an American multinational corporation that provides information technology (IT) services and professional services. Its headquarters are located in Falls Church Virginia. CSC has 80000 employees in over 70 countries. Its clients include commercial enterprises and the U.S. federal government as well as state local and non-U.S.
8,Bąków Podkarpackie Voivodeship, Bąków [ˈbɔnkuf] is a village in the administrative district of Gmina Pysznica within Stalowa Wola County Subcarpathian Voivodeship in south-eastern Poland. It lies approximately 7 kilometres (4 mi) north-west of Pysznica 5 km (3 mi) north-east of Stalowa Wola and 66 km (41 mi) north of the regional capital Rzeszów.The village has a population of 190.
6,Broadcasting Tower Leeds, Broadcasting Tower is a university building in Broadcasting Place in Woodhouse Lane Leeds England. Adjacent to other university buildings it forms part of Leeds Metropolitan University housing its Faculty of Arts Environment and Technology as well as some student flats and is close to the main campus of The University of Leeds and other academic institutions.
0,Artisan Records, Artisan Records is a British record label owned by the Indie rock band fin_(band) based in Wandsworth South West London. It was founded in 2011 by the band fiN in order to self release the bands 7 Inch singles and Debut album Life Is Wasted On The Living.
10,Leocereus, Leocereus bahiensis is a species of cactus and the only species of the genus Leocereus.
11,Live from the Stage of the Roanoake Bluegrass Festival, Live From The Stage Of The Roanoake Bluegrass Festival is a live album by the progressive bluegrass band Country Gentlemen recorded in 1967.
1,Bangladesh Institute of Marine Technology, Bangladesh Institute of Marine Technology (BIMT) a technical institute of higher learning was established in 1958. The main function of this institute is to offer a number of industry specific courses to produce highly competent professionals for the maritime industry. Its permanent campus is strategically located in Bandar Narayanganj popularly known as the home base of one of the centers for maritime industry in Bangladesh.
4,Bob Beauprez, Robert L. Bob Beauprez (born September 22 1948) is an American politician who was a Republican member of the United States House of Representatives representing the 7th Congressional District of Colorado.Beauprez was the Republican nominee for governor of Colorado in 2006 and was endorsed by outgoing governor Bill Owens. He lost to Democratic Party nominee Bill Ritter in the November 7 election 56 percent to 41 percent. Beauprez is married with four children.
9,Nyridela, Nyridela is a genus of moths in the family Arctiidae.
1,Doane Stuart School, The Doane Stuart School is an independent coeducational school in Rensselaer New York. School materials indicate a low student to teacher ratio and a rigorous college preparatory curriculum. The school also has emphases on community service and interfaith tolerance. The school is a member of the National Association of Episcopal Schools and the National Association of Independent Schools.
7,Lake Kubija, Kubija is a lake of Estonia.
3,John Legg (footballer), John Legg is a former association football player who represented New Zealand at international level.Legg made his full All Whites debut in a 3-5 loss to Australia on 5 November 1967 and ended his international playing career with 12 A-international caps and 2 goals to his credit his final cap an appearance in a 1-1 draw with Macao on 5 November 1975.
10,Lagerstroemia loudonii, Lagerstroemia loudonii (Thai: เสลา Salao) is a species of flowering plant in the Lythraceae family. Its origin is in Burma and Thailand where it is found in the wild in Isan and the East down to Central Thailand.Salao is a medium-sized tree growing up to a height between 10 and 20 m. It is quite common as a decorative tree in the parks of Thailand owing to its beautiful bunches of pink flowers.
6,Bolueta Towers, The Bolueta Towers (Bolueta Dorreak in Basque) is a residential complex under construction in Bilbao Spain.
10,Acer miaotaiense, Acer miaotaiense (syn. Acer miyabei subsp. miaotaiense (P.C.Tsoong) E.Murray) is a species of maple native to China in southeastern Gansu southwestern Henan northwestern Hubei southern Shaanxi and Zhejiang.It is a medium-sized deciduous tree growing to 25 m tall with rough grey-brown bark. The leaves are three-lobed 4–9 cm long and 5–8 cm broad with a 6–7 cm long petiole; the petiole bleeds white latex if cut.
10,Dombeyoideae, Dombeyoideae are a subfamily of the Malvaceae in the wide circumscription as proposed by the APG. Most of the plants placed here were once assembled with more or less related genera in the paraphyletic Sterculiaceae; a lesser number were placed in the Tiliaceae which were also not monophyletic.The Dombeyoideae were originally described by Carl Beilschmied in 1833.
11,Wake Up! (John Legend and The Roots album), Wake Up! is a collaborative studio album by American R&B recording artist John Legend and hip hop band The Roots released September 21 2010 on GOOD Music via Columbia Records. It was produced by Legend with band members Ahmir Questlove Thompson and James Poyser and features guest appearances by CL Smooth Malik Yusef Common and Melanie Fiona among others.
1,Central Medford High School, Central Medford High School (formerly Medford Opportunity High School) is a public alternative high school in Medford Oregon United States. In 2010 the school moved from its original location on Earhart Street to its new location on Oakdale Avenue in Medford. It occupies part of the old South Medford High School (which is now located on Cunningham Avenue in Medford).
7,Mount Bates, Mount Bates is the highest point of Norfolk Island an external territory of Australia at 319 metres (1047 ft) above sea level.
0,Glidden (paints), The Glidden Company is a division of PPG Industries which is one of the largest paint manufacturers in North America. Its products are marketed under the brands Glidden for professional and consumer paints Flood for wood stains and Liquid Nails which is a contact adhesive. It is the third largest maker of paint in the United States.Glidden was purchased by British conglomerate ICI in 1986 which in turn was later acquired by Dutch conglomerate AkzoNobel in 2008.
7,Fericet River, The Arada River is a tributary of the Albac River in Romania.
0,Dataware Games, Dataware is a casual gaming developer and software developer and publisher of mini-game software such as Quad Quest series and children games Coloring Book.
10,Arneis, Arneis is a white Italian wine grape variety originating from Piedmont Italy. It is most commonly found in the hills of the Roero northwest of Alba where it is part of the white Denominazione di Origine Controllata e Garantita (DOCG) wines of Roero. It can also be used to produce DOC wines in Langhe. Arneis (literally: little rascal in Piemontese) is so called because it is regarded as a somewhat difficult variety to grow.
12,A Gentle Gangster, A Gentle Gangster is a 1943 black-and-white drama film directed by Phil Rosen and written by A. W. Hackel.
9,Myanmar snub-nosed monkey, The Myanmar snub-nosed monkey or Burmese snub-nosed monkey (Rhinopithecus strykeri) is a critically threatened species of colobine monkey discovered in 2010 in northern Burma (Myanmar). It was formally described as a novel species of Primate in 2011 based on its fur beard and tail.
13,Tex (novel), Tex is a novel by S. E. Hinton published in 1979. It was adapted to the film in 1982 which starred Matt Dillon. The book (like Rumble Fish and That Was Then This Is Now) takes place in the same universe as Hinton's first book The Outsiders but in a rural town called Garyville Oklahoma a fictional suburb of Tulsa.Tex and his older brother Mason live by themselves while their father tours the rodeo circuit. Tex is blissfully happy with his life.
3,Mohamed Ramadan (footballer), Mohamed Ramadan (born 4 April 1991) is a Swedish footballer of Lebanese descent who plays for HIF Akademi on loan from Helsingborgs IF as a striker.
2,Peter May (writer), Peter May (born December 20 1951) is a Scottish television screenwriter best-selling novelist and crime writer.
13,Abismoj, Abismoj (Abysses) is a 1923 novel written by Jean Forge the first he wrote originally in Esperanto. It describes and profoundly analyzes conflicts in the soul. Already there appear the greatest strengths of Forge's work the original form the figures themselves speak about themselves and about their problems; the form and the inventive narration style give this work important significance in Esperanto literature.
5,Phantom Corsair, The Phantom Corsair is a prototype automobile built in 1938. It is a six-passenger 2-door sedan that was designed by Rust Heinz of the H. J. Heinz family and Maurice Schwartz of the Bohman & Schwartz coachbuilding company in Pasadena California. Although sometimes dismissed as a failure because it never entered production the Corsair is regarded as anachronistic due to its futuristic features and styling cues such as faired-in fenders and a low profile.
1,Pascack Hills High School, Pascack Hills High School (PHHS) is a four-year comprehensive public high school one of two high schools that are part of the Pascack Valley Regional High School District in Bergen County New Jersey. PHHS serves the residents of both Montvale where the campus is located and the neighboring community of Woodcliff Lake.
12,Where Soldiers Come From, Where Soldiers Come From is a 2011 American documentary film directed by Heather Courtney. The film is an intimate look at the young men who fight our wars and the families and town they come from.
11,Nights Are So Long, Nights Are So Long is the first studio album by singer Michael Monroe released in 1987 through Yahoo! Records; a remastered edition was reissued in 2004 through Warner Music. It is Monroe's first post-Hanoi Rocks release with Yahoo! being the record label of Hanoi Rocks' then-manager Seppo Vesterinen. Save for three tracks written by Monroe the rest are mainly covers; his subsequently 1989 album Not Fakin' It would be the first to feature entirely original compositions.
9,Chloroclystis catastreptes, Chloroclystis catastreptes is a moth in the Geometridae family. It is found in Australia (Queensland New South Wales Victoria Tasmania South Australia and Western Australia).The wingspan is about 20 mm. Adults have a scalloped banded brown pattern on the wings.
6,Elm Hill Farm Historic District, Elm Hill Farm Historic District is a historic district on East Main Street east of the junction with Brookfield Road in Brookfield Massachusetts. The major contributing element to the district is the Elm Hill Farm complex one of the largest and most significant farms in the town for more than 100 years.
3,Walter Cornock, Walter Berkeley Cornock (1 January 1921 – 20 November 2007) was an Australian football goalkeeper and first-class cricketer. Born in Waverley Sydney New South Wales; he moved to the United Kingdom and played in the Football League for Rochdale and played first-class cricket for Leicestershire. He also saw active service in the navy in Africa during the Second World War.Cornock was born to an Australian father and English mother. His family returned to England while he was a child.
1,Morgan High School (McConnelsville Ohio), Morgan High School is a public high school in McConnelsville Ohio. It is the only high school in the Morgan Local School District.
8,Bala Tanu Rud, Bala Tanu Rud (Persian: بالاتنورود‎ also Romanized as Bālā Tanū Rūd; also known as Tanū Rūd) is a village in Otaqvar Rural District Otaqvar District Langarud County Gilan Province Iran. At the 2006 census its existence was noted but its population was not reported.
4,Alexander Thorburn, Alexander Alex Gibbon Gillion Gillan Thorburn (December 18 1836 – 1894) was a real-estate agent merchant and former Canadian politician. He served as a member of the Legislative Assembly of the Northwest Territories from 1888 until 1891. Prior to that he was a school trustee.
1,Popatlal Secondary School, Popatlal Secondary School (PSS) is a co-educational private secondary school in the north-eastern Tanzanian city of Tanga. It is one of the oldest schools in the city.
13,A Latin Dictionary, A Latin Dictionary (or Harpers' Latin Dictionary often referred to as Lewis and Short or L&S) is a popular English-language lexicographical work of the Latin language published by Harper and Brothers of New York in 1879 and printed simultaneously in the United Kingdom by Oxford University Press.
0,StormGeo, StormGeo AS (formerly Storm Weather Center AS) was founded in 1997 and is one of the largest privately held weather service providers worldwide. It provides meteorological services particularly to the offshore renewable energy shipping corporate enterprise and media industries. It has offices in Norway United States Great Britain UAE Sweden Azerbaijan Brazil Denmark Germany and Singapore.
12,Hot Rod Girls Save the World, Hot Rod Girls Save The World is a 2008 B-Movie written and directed by D.A. Sebasstian.
9,Halgerda wasinensis, Halgerda wasinensis is a species of sea slug a dorid nudibranch shell-less marine gastropod mollusks in the family Discodorididae.
5,Mitchell Kittiwake, The Mitchell Kittiwake is a British single engine sporting aircraft designed for amateur building. Plans were available for both single-seat and two-seat versions but only four were constructed.
8,Seyyed Baqer Kermanshah, Seyyed Baqer (Persian: سيدباقر‎ also Romanized as Seyyed Bāqer) is a village in Bivanij Rural District in the Central District of Dalahu County Kermanshah Province Iran. At the 2006 census its population was 26 in 4 families.
10,Diospyros curranii, Diospyros curranii is a tree in the Ebenaceae family. It grows up to 30 metres (100 ft) tall. The fruits are roundish up to 2.5 cm (1 in) in diameter. Habitat is mixed dipterocarp forests from sea-level to 900 metres (3000 ft) altitude. D. curranii is found in Indochina and from west Malesia to the Philippines.
7,Lake Thunderbird, Lake Thunderbird is a reservoir located in Norman Oklahoma. The lake was constructed between 1962 and 1965 for the purpose of providing municipal water to the nearby communities of Del City Midwest City and Norman. It is formed by an earthfill embankment (dam) 7300 feet (2200 m) long and up to 144 feet (44 m) high on the Little River.
